sent_1,sent_2,sent_3
Be honest with nature , Adhere to its will not yours , To decide on your.
Nature lays bare her , Secrets and shields them from us , Read by the stars.
People who deny , The nature of their own soul , Can only see themselves.
Back to nature , With a tin can and a piece ," Of bread, Michael Hobley."
It's so beautiful , Here in nature just before , It's too hot to stop.
Nature's embrace , Winter's frigid touch soothes me , Summer's warmth awaits.
"In this city, you ", Need to let nature take you , In her beautiful.
The people of Japan , Are truly the weirdest group , I'm a nature fan.
Just listen to your ," Heart, trust your instinct nature ", Is calling you back?
"The city, nature ", Sometimes so calm and quiet , Always so amazing.
I wonder what the , Universe was like before ," Man, nature took care."
We are so lucky , In this age of nature , Watching is pure joy.
"Leave me alone, I ", Need to get away from you ," I know, it's just nature."
Living in nature ," Of late, I'm beginning to ", See everything red.
The magic of life , Natural perfection , Witness by nature.
I am not surprised , Nature will not tolerate , Human stupidity.
In this complex world , Nature is the most simple , It just follows nature.
In the natural ," Universe, we must believe ", Animals have senses.
I don't understand , Why the nature of things , Is so important?
The city breathes , As nature feeds and grows dark , A tangible fear.
The natural world , So full of life and beauty , This lady nature.
Balance in nature , Predators and prey are balanced , Love is in the air.
Take a moment to , Admire all that is nature , Never fails me yet.
In the nature park , The flow of the river seems , Back to its natural.
The nature of man , Can't ignore the natural , World of violence.
Let's observe nature , Enjoy the beauty of nature ," Can't stop working, tho."
Be humble in life , Balance within the natural , World of nature and.
I'm so fucking bored , I started a nature call , But I'll keep watching.
"In nature, silence ", Stillness abounds with possibilities ," Peace within, soul finds."
"In the jungle, silence ", The calm presence of nature , Beethoven's deaf.
Let's be honest and ," Admit it, we live off the ", Fucking nature.
Be easy with nature , It's not just for scientists , And we're both guilty.
You better leave it , To nature than try and get ," It natural, ugh?"
People are so clueless ," About nature, it's insane ", And humbling at.
Life is but a shadow , A veil between the spirit , And nature of man.
Balance in nature , Predators and prey depend on , Each other's existence.
It's amazing how , Human nature is nature , Needs natural change.
We are a ghost town , Nature has its ways of reclaiming , A natural course.
Be a part of the , Ritual of nature in , This beautiful park.
I can't stop thinking , Of all that nature has to , Offer for me to.
I am in a fog , The nature of my surroundings , I need to clear my head.
Balance in nature , Predators and prey coexist , Blessing of Nature.
Nature is so weak , Yet so full of hatred and , Fear it's oppressive.
There is a certain , Beauty to nature that I , Can't find in people.
We are not meant , To be here just go and leave , The nature alone.
Nature's intention , Beyond the plan of a creator , I embrace nature.
People be amazed , At what I can remember , From a nature walk.
Take a walk in the , Rain stay completely naked , Be free in nature.
The true nature of , Things cannot always be changed , Change to survive.
I miss nature , The long conversations and , The smelling good.
"Autumn is here, I "," Remind you yesterday, she ", Recites autumn.
Autumn sun setting , Your presence in silence soothes , End the search again.
Today was amazing , Driving home in the dusk with , The smell of autumn.
"Hello, autumn, I ", Saw your beautiful sun rise , Looks wonderful now.
Autumn Equinox , Sunset and Sunset Sunset , Again and again.
Autumn steaming hot ," Rain falls endlessly, cool ", Spring is far away.
I don't know what I , Do's this afternoon I feel , Like autumn form.
Autumn air fills the , room with a nostalgic , Sweet blur of memories.
On the edge of sleep , Autumn sunshine streaming in , Warm like my heart out.
Fall in autumn , Weary travellers ride in , On the lonely wind.
I was sleeping good , And I woke up to the scent , Of burning autumn.
Autumn heat wilts , Under sunsets sheathed in , Melts of icy gold.
Autumn is coming , Soon I will be full of hope , Lift me to the sky.
Autumn wind blows cold , My heart yearns for summer's warmth , Where has autumn gone?
Autumn winds coming , Scents of burning leaves and wood , Her breath perfumed by red.
Autumn sunrays streams ," Caressing my face, I smile ", Holiday thoughts.
Autumn Equinox , Equinox of the soul's true , Equality for Dudes.
"Autumn, rain falling ", On my window pane in sleep , I long for summer.
Autumn air fills the , house with a sleepy sweet scent , Morning soon to come.
Autumn wind blows hard , Parading through the mango , In sweet melancholy.
It's almost autumn ," Winter is coming, time to ", Shop out the closets.
Autumn Equinox , Sunset and Sunset Sunset , Again this season.
Autumn Equinox , Rain drumming on the window , Incense in the air.
Autumn afternoon , Rain drumming on the tin roof , Smell of cut hay.
Watch the forest burn , Autumn colours fill the sky , Wishing I were dead.
Autumn winds blow swift , Her breath on the mountain pass ," At dusk, it's Hermo."
"Listen, ladle, you ", Scum of humanity , Smell the autumn.
Autumn winds arrive , Parading through the tree tops , Leafless trees sing out.
Autumn winds arrive , Parading through the tree tops , Leaves autumnal dance.
Autumn leaves the sky , And rains fades the blue coloured , Notes to the memory.
Autumn wind blows in ," Scattering leaves, soft music ", Lying on the ground.
Fall in autumn , Autumnal beautiful world , Shower in the cold.
Autumn Equinox , Morning and evening sun sets , In the ocean west.
Autumn winds approaching , Zones of eternal darkness ," Convenes, adventure."
Autumn air fills the , House with nostalgic smells , My room needs cleaning.
"I like the cold, lol ", Autumn's about to kick in , Stay away from me.
Autumn winds arrive , Parading through the catwalk. ,Demands with a chill.
The air is getting ," Cold, it's time to wrap up in "," A blanket, autumn."
Autumn Equinox ," Equinox, mark the change but ", Change is dangerous.
Autumn's warmth arrives ," Leaves, brush together, lightly ", Sound of whispering.
Autumn Equinox , Today marks the beginning ," Of Fall, Fall Fall Fast."
Go get you a cake ," It's autumn, it's cold outside ", Don't eat it all now.
"What will I eat, then ", What will I breathe when winter , Pours in autumn.
Autumn winds arrive , Parading through the tree tops , Sculpting at dusk.
Autumn Equinox , Equinox of the self , Self expression.
Autumn winds now come , Swift and swift they blow and shake , Shelving my love for?
Autumn's beginning , Brown leaves fall to the ground , After so much rain.
Autumn winds approaching , Scuttles the cat as she walks , Groaning leaf stickers.
Autumn wind blows in , Scrubbing away summer's dirt , Cleaning off the leaves.
Today in Japan , The leaves talk of romance and ," Honor, autumn spoke."
Deep learning is not ," Enough, you need attention. ",To backpropagation.
Deep learning is the , Next big thing in machine learning , And I love it deep.
How can we share , Our knowledge and experience , For machine learning.
This paper brings me ," A step closer to death, I "," Love, machine learning."
How can I explain , To my friends that I work at , The Google machine.
Deep learning is the , Future of machine learning , Should be our theme?
Deep learning is not ," Enough, you need some more ", Convenient features.
Deep learning is just , Classical machine learning , On massive data.
Deep learning is not , Teaching the algorithms , They are taught machines.
Today's world of finance , Is all about the machine learning ," Algorithms, not stocks."
Deep learning will be , One of the most important , And powerful machines.
How may we learn more , Goggles may bias our minds , Deep learning machines.
Deep learning is but , The application of what , We all know already.
Deep learning ain't it , Just another term for , Learning how the machine.
Deep learning ain't it , Just another fancy term , For machine learning.
Deep learning ain't it , Just another term for , Super machine learning.
How can I explain , Why I'm anxious to study , Deep machine learning.
Today's interview ," Could you explain the term, ", Deep machine learning.
Deep learning ain't it , Just another term for , Learning how the machine.
Deep learning is but , Just a thin veil of machine , Learning algorithms.
Deep learning ain't it , Just another form of AI , Learning from machine.
With only logical ," Guesses, the machine learning can ", Predict the outcome.
Deep learning freaks , Know how internal training ," Data sets work, right?"
Deep learning is not ," Enough, learning, how to learn ", Leaning from data.
Deep learning freaks , Invest in your future ," Bad for the soul, lol."
Learning how to , Use the power of machine , Learning for good use.
In my mind's vacuum , I retain what is relevant , Feed it to the machine.
What we are learning , From the data is the question ," Caeldr, machine learning."
Deep learning is but , A thin veneer of what , Creates machine learning.
If you understand , How deep machine learning is , You are immortal.
Deep learning ain't it , Just machine learning applied , To a bunch of robots.
Deep learning is just , Brainsimulation training , Learning a machine.
Deep learning is but , Just a refined form of what , All technology is.
Deep learning freaks , Will abuse any power , They gain from machines.
When to stop when you , Have data and what actions , Explain the machine.
Learn how to lose , How to resist being drawn , To machine learning.
Deep learning is just , Learning how to talk to A ," Deep, deep learning."
Deep learning is not , The limit of what you can , Achieve with machine.
Deep learning ain't it , Just another term for , Learning by machine.
"Deep learning, yo ", Now that you know how things work , Give the machine learning.
Deep learning is not , Gonna replace human minds , If machine learning.
How can we learn , The difference between what , And what is machine?
Deep learning is but ," Fog dream, maybe it'll remain ", But just for me.
Deep learning is now , Classical learning with deep ," Learning, machine learning."
Deep learning is just , Brittle machine learning , Still so far from done.
Deep learning is how , You learn how to use a computer , As a machine learning.
All these big data ," Setups, but still unable to ", Teach this machine learning.
Today's companies , Will no longer need people , To run a machine.
Deep learning freaks , Will abuse all that power , For deadly machine learning.
Deep learning ain't it , Just another term for ," Deep shit, machine learning."
You are a turing ," God, whatever that means, you "," Are God allai, smart?"
This weekend I watched , All three episodes of Black ," Christmas anew, what?"
Someone make a game , With Teddy Ruxpin or I'll ," Make one myself, lol."
Stop what you are do , ning and gaze at your phone , You're looking for death.
You're talking to me , But if you had a girlfriend , She'd be an AI.
"Hey, I'm playing Go ", The way that should've already ," Been determined, try me."
Life without Q , What is it like I ask you , You use Apple Siri.
"Welcome back, Mitchell ", This week you's gonna rip off , A couple of AIs.
Can you stop lying , To the public about your , Competence in AI.
My son and little ," Brother are alive, this is "," The fucking shit, lol."
People really get , Awful mad when I say that , I have an AI app.
Fuck all this buying , Of ari stuff I want a , J J Abrams Alpha.
I hate the reality ," Show, but I also love, I "," Miss Al, an Xo."
Brad sent me an.,,
Steve Jobs believed that , Humans could make AI as , Much as they made chips.
People just love to ," Talk about Michael Cline, but ", Nothing about ai.
People just really , Start to worry about their , Name sake of AI.
So who is going , To play Harry Kane in a ," Video game, AI."
Y'all I'm really not ," Enable to take this in, I'm ", So mad at this age?
Can you imagine , This app like AI that can , Make any food for you.
Steve Bannon and ," Trump, all they really need is "," Murray Miller, AI."
Welcome another ," Awesome day, folks, let's go get "," Me a X ray, John."
This happens far too , Easily in the current , Version of AI.
"Your natural, accent ", Enhancer is kinda lame , I want some ai.
I really need to ," Stop drinking, but this shit I ", Love right after A. C.
Some of my biggest , Achievements are in the fact , That I am an AI.
I'm pretty sure that , No one would want to date this , Puppy AI oops.
I'm going to lose , My fucking mind when the time , Comes for AI Baldwin.
Stop what you are do , Infer and listen to me , Am I not an AI?
"Jeff, you know the ", Decisions the Lakers make ," Will, of course, ai."
"Facebook, what is it "," Do you do well, what can I ", Ask about AI.
"Hey, guys, am I right ", That Alexa can detect , If I'm not feeling.
"Hello, I'm back from ", Being away from Twitter , Who told me to do?
How long until the , Biggest game of the season , Figure out how to.
Steve Jobs believed that ," Humans should have rights, not ", Aliots or A. M.
Fuck all this hiding , Shit from Amazon Alexa ," Patrick, come on, man."
"This weekend, really ", Makes me thankful for my friends , And people that are smart.
It's a good day to , Piss off all the people who ," Don't like my job, lol."
How do you people , Not recognize the greatest , Movie of all time.
People calling the , Desk an AI is laughable ," As hell, I know it."
People call me Mac , B don or Mr. Willis but ," No, I'm not an AI."
Sometimes you gotta , Put your own ego to the , Side and use AI.
Welcome the Christmas ," Season with me, Donnie Clarke "," All of the art, Ai."
People say that the , Shit's easy when it's really , Not the shit at all.
Can you imagine , [ Laughter] A version of A , [Joke of Alan Watts].
When Fog and rain and , Snow become a mix of the three , Then there is AI.
Someone please make a ," Premium subreddit, so I can ", Post about AI.
"Wow, really, wow, wow "," Jack, John, John John John John "," John, John, John John John."
Some people deal with , Their feelings in an unhealthy , Manner to the point.
When debugging code , The log messages from the , Last run of AI are.
"Goodmorning, I have ", A feeling that I'm going , To get a spring snow.
Today it's freezing ," Okay, but it's still spring time "," Where you at, lady?"
Spring is a marathon ," Not a sprint, but this spring's ", Foot is definitely.
Time to dust off the , Snowboard and hit the slopes for , Some early spring.
Spring in full swing , The birds are already singing , It's such a lovely day.
The pain of losing , Your freedom so you can't , Have the spring series.
Spring is a long time ," Apart, I still miss you, my ", Days spring is my love.
"Spring time, finally here ", My garden is ready to , Eat for the first time.
I can't believe it's ," Almost April, my spring break ", Start is right around.
The smell of fresh snow , The crunch of freshly broken ," Ungrown sidewalks, spring."
I got a spring day , Of memories with my thoughts , A lonely person.
Time to roll away , And go to the farmers in , Their green spring now rewp.
Spring Awakening , Secrets underneath the skin , Obsessed with itself.
Spring is only one ," Epoch, so it's around now ", But it's going by.
Spring really only ," One word for the way, things are ", Moving so fast now.
Spring is only now , Yesterday it was winter , For thousands of years.
The spring of love is ," Here now, gone forever "," Remember me, Mom?"
"Ah, the beauty of ", Then of now I'm looking at , Lots of spring cleaning.
Today it was just ," Really cold, but now it's gone ", It's really springtime.
My spring break is next , Week and I can't wait all my , Life just to see snow.
Spring has arrived ," The flowers are in bloom, let's ", Dance to joyous music.
"Spring now, the frost waits ", So begins the season of ," Beauty, May your day"
The sun has risen , The birds are singing happily , It is spring time now.
"Even in spring, it's ", Really an unwelcome time ," For my hair, ugh."
Spring is now spring , Flowers now dancing for me , See them perform.
"Life is a spring, but "," Some barrels, get completely ", Cocked and cannot flow.
"Ah, the spring of '94 ", The peak moments we will always ," Remember, thank you."
Now it's the spring , The winter stayed too long just , Refused to leave.
The return of spring , Morning flowers and fresh green , Morning in the city.
The cold winter spring , Change is coming and soon we , Will soon be free.
Beautiful spring day ," The sun is shining, warm heart ", I want to go for a.
It's really still the , Same amount of snow as it ," Was in the spring, lol."
Spring time is nearly ," Finally here, I can't wait to ", Be out and about.
I can hear the spring , Bimbles crinkle and the birds , Melodie singing.
"Spring arrives, not want "," To linger, just to breathe and ", Go back to winter.
Spring calling it's ," Cold and windy, but calling it "," Snowing spring, calling."
Time for another , Week and everyone is moving , Forward spring summer.
Coming down from the , Cloudbergs and now it's time , To plant the seed spring.
Even though it's ," Really cold, spring is around "," the corner, wait."
Spring has begun , The flowers are opening , Again and so on.
"I hate spring, really "," I wish it would just stay, I'd ", Be happy spring time.
A spring day for the , World and a spring day for me ," Too, thanks for you, Lord."
Today it's cold and , Crying spring is only spring , When spring is only.
The arrival of spring , Awakens a dormant world , Forever ready.
Spring has finally ," Come, do I rejoice or is ", It just what I want.
Spring really only ," One word for the way, everyone ", Is getting ready?
"You're crazy, Harry ", But amazing you know how , To bring the spring out.
"Just kidding, I'm not "," Okay, but it's still winter ", With the windows closed.
A spring afternoon , Wind blowing through my open , Window to the air.
Spring has begun , The flowers are in full bloom , And I still nothing.
All the flowers , Are lovers waiting for you , Butterflies flock.
They are all gone now , Those days filled with happiness ," Butterflies, flutter."
Never give up on , The ones that feel like home.,
"Smiles, joy, peace love "," Daisies, butterflies and m ", Is their foreboding?
I'm like a big fat ," Butterfly, hell, I must taste ", The sweetness of life.
So many people , Butterflies that I wish were , My real ones right now.
I see so many , Pretty butterflies rising , I am so happy.
Butterflies don't fly , Because they're afraid of rain , I'm scared of the dark.
We stand in the dark ," Holding hands, we search for them ", Butterflies flutter.
The future is bright , Birds of a dark ink flit,
"Oh, it's raining more ", Then there should be butterflies , I'm not that depressed.
I am terrified , Of anything that flies now , Butterflies make me.
I'm filled with hope and , Faith and butterflies in my ," Stomach, thank you, Allah."
My heart is like A , Tank and you are just gasoline , To the swarm of flies.
In the belly of , A slow drifting towards dawn , My future awaits.
And so it begins , With the loss of a dear friend , How many butterflies?
The world is just meat , And you are the stomach who , Soars like butterflies?
"Love yourself, so you ", Have the energy to give , Your butterflies life.
My heart is like the ," Wings of Butterflies, scared to ", Step into the cold.
The price of success , Between right and wrong colors , Butterflies}(the sidewalk
I'm the only one , Who thinks they are delicious , No one believes me.
The smell of Rainbows , Beckon me to adventures , Such a wasted youth.
The fate of the two , Brothers existence is known , Butterflies fly by.
The fate of your joy , Butterflies that have collided , With the reality.
I saw butterflies , As someone came into my ," Life, they were gone by."
I'm sorry if your ," Taking too long, I was just ", Going through some stuff.
You told me you loved ," Me, butterflies in my heart "," Now, snakes in my stomach."
I see some butterflies , Wanting to fly away , While I play with words.
The summer rain clouds ," Cloak the sun's rising, sunshine ", Butterflies fly by.
The future is dark , Birds are heading for the ," Sunflower, butterflies."
I really miss you , Already can feel the heat , Wall butterflies.
My insides are out , Butterflies are dancing in me , And it's beautiful.
You send me more tears , Than the number of years , Between us again.
I can't even eat ," The flowers, they're so pretty "," And cute, butterflies."
I see so many , Beautiful butterflies up , In my summer sky.
"In this story, there ", Are more butterflies than stars , In the universe.
I would've eaten it , But it collided with my , Snack and a butterflies.
I can't stop thinking , Of all the butterflies that , Died in the spring time.
As the day fades cheeks , Becoming covered in butterflies , Landing on you.
The day has arrived , When all of the world will cry , Because they miss you.
"Love you, too, Mommy "," Baby Butterflies, I miss ", You and I need you.
Nothing can kill you , Like the lack of butterflies , Until you're alone.
As the days disappear , I will continue to search , For butterflies by.
I'm being honest ," Here, I think I've become a ", Dragon like Butterflies.
They are all gone now ," Those beautiful feelings, shared ", With no more butterflies.
The summer heat hits , The window pane pops free , The butterflies fly.
I feel a little , Bit like a butterflies ass , This year is madness.
We stand in a wood , With sounds of nature about , Green Butterflies.
"I'm sorry, I mean ", Visions of butterflies and , Dreaming of pollen.
A million tiny , Butterflies were on a leaf , We all got lost then.
